headline,description,date,source
Electrosurgical Generators Market Size Worth USD 3.78 Billion by 2034 Driven by Rising Chronic Diseases and Surgical Advancements,"The global electrosurgical generators market size is calculated at USD 1.95 billion in 2025 and will grow from USD 2.10 billion in 2026 to nearly USD 3.78 billion by 2034, with an expected strong CAGR of 7.64% from 2025 to 2034. The electrosurgical generators…",2025-09-18T12:08:00Z,GlobeNewswire
Gildan Announces Participation at CIBC’s 24th Annual Eastern Institutional Investor Conference in Montreal,"MONTREAL, Sept. 18, 2025 (GLOBE NEWSWIRE) — Gildan Activewear Inc. (GIL: TSX and NYSE) announced today that Glenn J. Chamandy, President & Chief Executive Officer, Luca Barile, Executive Vice-President, Chief Financial Officer and Jessy Hayem, Senior Vice-Pre…",2025-09-18T12:05:43Z,Financial Post
Gap widens between fashion’s climate progress and global targets,Textile Exchange's Materials Market Report suggests the gap is growing between progress made within the apparel and footwear sectors and the global...,2025-09-18T12:01:06Z,just-style.com
Gildan Announces Participation at CIBC’s 24th Annual Eastern Institutional Investor Conference in Montreal,"MONTREAL, Sept. 18, 2025 (GLOBE NEWSWIRE) -- Gildan Activewear Inc. (GIL: TSX and NYSE) announced today that Glenn J. Chamandy, President & Chief Executive Officer, Luca Barile, Executive Vice-President, Chief Financial Officer and Jessy Hayem, Senior Vice-Pr…",2025-09-18T12:00:00Z,GlobeNewswire
Deep Isolation and Navarro Announce Strategic Licensing Agreement for Permanent Nuclear Waste Disposal,"BERKELEY, Calif., Sept. 18, 2025 (GLOBE NEWSWIRE) -- Deep Isolation Nuclear, Inc. (together with its subsidiaries “Deep Isolation” or the “Company”), a leading innovator in nuclear waste disposal technology, today announced it has signed a technology licensin…",2025-09-18T12:00:00Z,GlobeNewswire
Medline secures prime vendor agreement with LCMC Health,"Medline will support the health system from its distribution warehouse in Hammond, Louisiana.",2025-09-18T11:59:48Z,Hospitalmanagement.net
"In Conversation with Håkan Agnevall, CEO, Wärtsilä","In Conversation with Håkan Agnevall, CEO, Wärtsilä",2025-09-18T11:59:01Z,Newsweek
Govt Extends MRP Declaration Deadline Till March 31 To Ease GST 2.0 Transition,"The government, via an official circular issued on Thursday, has extended the deadline for companies to declare the revised maximum retail prices till March 31, 2026. The extension will allow industry players to smoothly adapt to the changes in goods and serv…",2025-09-18T11:41:44Z,Ndtvprofit.com
Nestle's new chairman Isla brings Zara magic to Nescafe maker's turnaround,"(Reuters) -Nestle's new chairman Pablo Isla, who helped to turn Zara owner Inditex into a world-leading fast-fashion retailer, can use his expertise in...",2025-09-18T11:38:31Z,Yahoo Entertainment
